{
  "meta": {
    "top_n": 1200,
    "n": 1200,
    "raw_bytes": 7053058,
    "avg_bytes": 5877,
    "max_bytes": 7680,
    "raw_download": 7126958,
    "raw_download_ondisk": 7133388
  },
  "rows": [
    {
      "name": "E2 bpe8192-huff",
      "feasible": "easy",
      "raw_bytes": 7053058,
      "comp_bytes": 1765245,
      "ratio": 0.25028080018624543,
      "model_bytes": 81927,
      "net_flash_bytearray": 1847172,
      "net_flash_base64": 2437139,
      "net_download": 2475402,
      "dl_vs_raw_pct": 34.73293935505162,
      "decode_ops_per_byte": 3.185131612415494,
      "worst_decode_ops": 36101,
      "worst_article_bytes": 7656,
      "watchdog_margin": "LOW",
      "roundtrip": "PASS",
      "train_s": 3.31,
      "work_s": 6.95,
      "decode_ms_per_article": 2.836
    },
    {
      "name": "E2 bpe4096-huff",
      "feasible": "easy",
      "raw_bytes": 7053058,
      "comp_bytes": 1881882,
      "ratio": 0.2668178823993791,
      "model_bytes": 36430,
      "net_flash_bytearray": 1918312,
      "net_flash_base64": 2547114,
      "net_download": 2570214,
      "dl_vs_raw_pct": 36.06326850810682,
      "decode_ops_per_byte": 3.340636642999391,
      "worst_decode_ops": 38479,
      "worst_article_bytes": 7656,
      "watchdog_margin": "LOW",
      "roundtrip": "PASS",
      "train_s": 2.92,
      "work_s": 7.04,
      "decode_ms_per_article": 2.963
    },
    {
      "name": "E2 bpe2048-huff",
      "feasible": "easy",
      "raw_bytes": 7053058,
      "comp_bytes": 2005576,
      "ratio": 0.28435552351901827,
      "model_bytes": 15744,
      "net_flash_bytearray": 2021320,
      "net_flash_base64": 2691448,
      "net_download": 2707650,
      "dl_vs_raw_pct": 37.99166488703876,
      "decode_ops_per_byte": 3.5104132136727078,
      "worst_decode_ops": 41359,
      "worst_article_bytes": 7656,
      "watchdog_margin": "LOW",
      "roundtrip": "PASS",
      "train_s": 2.89,
      "work_s": 7.51,
      "decode_ms_per_article": 3.2
    },
    {
      "name": "E2 bpe1024-huff",
      "feasible": "easy",
      "raw_bytes": 7053058,
      "comp_bytes": 2145440,
      "ratio": 0.30418578721456707,
      "model_bytes": 6488,
      "net_flash_bytearray": 2151928,
      "net_flash_base64": 2868648,
      "net_download": 2881766,
      "dl_vs_raw_pct": 40.434726849800434,
      "decode_ops_per_byte": 3.7098411781102607,
      "worst_decode_ops": 44958,
      "worst_article_bytes": 7656,
      "watchdog_margin": "LOW",
      "roundtrip": "PASS",
      "train_s": 3.02,
      "work_s": 7.68,
      "decode_ms_per_article": 3.332
    },
    {
      "name": "E2 bpe512-huff",
      "feasible": "easy",
      "raw_bytes": 7053058,
      "comp_bytes": 2339399,
      "ratio": 0.3316857737452322,
      "model_bytes": 2357,
      "net_flash_bytearray": 2341756,
      "net_flash_base64": 3123165,
      "net_download": 3134906,
      "dl_vs_raw_pct": 43.98659287735384,
      "decode_ops_per_byte": 3.995045127943085,
      "worst_decode_ops": 48846,
      "worst_article_bytes": 7656,
      "watchdog_margin": "LOW",
      "roundtrip": "PASS",
      "train_s": 2.81,
      "work_s": 8.21,
      "decode_ms_per_article": 3.565
    }
  ]
}